{
    "materials":[{
        "blending":1,
        "wireframe":false,
        "visible":true,
        "depthWrite":true,
        "colorSpecular":[0.5,0.5,0.5],
        "specularCoef":50,
        "opacity":1,
        "DbgIndex":0,
        "doubleSided":false,
        "colorDiffuse":[0.0184496,0.041218,0.64],
        "shading":"phong",
        "DbgName":"Material.001",
        "transparent":false,
        "depthTest":true,
        "DbgColor":15658734,
        "colorEmissive":[0,0,0]
    }],
    "vertices":[-0.295507,0.0063284,0.441663,-0.306725,-0.0063374,0.452327,-0.296521,2.40749,1.15454,-0.30571,2.41862,1.16838,-0.295476,0.0062151,-1.54757,-0.306755,-0.00622416,-1.55844,-0.296379,2.37474,-2.10966,-0.305852,2.38608,-2.12314,1.69281,0.00607115,0.44188,1.70496,-0.00608015,0.45211,1.69199,1.99505,0.441697,1.70577,2.00494,0.452294,1.69287,0.00601155,-1.54775,1.7049,-0.00602067,-1.55826,1.69213,1.99502,-1.54756,1.70564,2.00497,-1.55845,-0.301116,0.00999552,0.439527,-0.301116,2.40292,1.14803,-0.301116,2.37053,-2.10379,-0.301116,0.0099954,-1.5451,-0.291116,0.00972658,-1.55531,-0.291371,2.36854,-2.11129,1.68926,1.99166,-1.55572,1.68888,0.0099954,-1.553,1.69888,0.0099954,-1.543,1.69888,1.99,-1.543,1.69888,1.99,0.436995,1.69888,0.00999552,0.436995,1.68888,0.00999552,0.446995,1.68947,1.99175,0.450359,-0.291496,2.40109,1.15507,-0.291116,0.00958407,0.449834,-0.291116,-4.52995e-06,-1.543,1.68888,-4.52995e-06,-1.543,1.68888,-4.47035e-06,0.436995,-0.291116,-4.47035e-06,0.436995,1.68906,2.00186,-1.5454,-0.291297,2.37865,-2.10327,-0.291315,2.41093,1.14736,1.68909,2.00202,0.439899],
    "metadata":{
        "version":3,
        "type":"Geometry",
        "faces":48,
        "normals":48,
        "uvs":0,
        "generator":"io_three",
        "materials":1,
        "vertices":40
    },
    "faces":[35,2,0,16,17,0,0,0,0,0,35,17,16,1,3,0,1,1,1,1,35,17,18,6,2,0,2,2,2,2,35,18,17,3,7,0,3,3,3,3,35,18,19,4,6,0,4,4,4,4,35,19,18,7,5,0,5,5,5,5,35,0,4,19,16,0,6,6,6,6,35,16,19,5,1,0,7,7,7,7,35,20,21,6,4,0,8,8,8,8,35,21,20,5,7,0,9,9,9,9,35,21,22,14,6,0,10,10,10,10,35,22,21,7,15,0,11,11,11,11,35,22,23,12,14,0,12,12,12,12,35,23,22,15,13,0,13,13,13,13,35,23,20,4,12,0,14,14,14,14,35,20,23,13,5,0,15,15,15,15,35,24,25,14,12,0,16,16,16,16,35,25,24,13,15,0,17,17,17,17,35,25,26,10,14,0,18,18,18,18,35,26,25,15,11,0,19,19,19,19,35,26,27,8,10,0,20,20,20,20,35,27,26,11,9,0,21,21,21,21,35,27,24,12,8,0,22,22,22,22,35,24,27,9,13,0,23,23,23,23,35,28,29,10,8,0,24,24,24,24,35,29,28,9,11,0,25,25,25,25,35,29,30,2,10,0,26,26,26,26,35,30,29,11,3,0,27,27,27,27,35,0,2,30,31,0,28,28,28,28,35,31,30,3,1,0,29,29,29,29,35,8,0,31,28,0,30,30,30,30,35,28,31,1,9,0,31,31,31,31,35,32,33,12,4,0,32,32,32,32,35,33,32,5,13,0,33,33,33,33,35,33,34,8,12,0,34,34,34,34,35,34,33,13,9,0,35,35,35,35,35,0,8,34,35,0,36,36,36,36,35,35,34,9,1,0,37,37,37,37,35,4,0,35,32,0,38,38,38,38,35,32,35,1,5,0,39,39,39,39,35,36,37,6,14,0,40,40,40,40,35,37,36,15,7,0,41,41,41,41,35,37,38,2,6,0,42,42,42,42,35,38,37,7,3,0,43,43,43,43,35,38,39,10,2,0,44,44,44,44,35,39,38,3,11,0,45,45,45,45,35,39,36,14,10,0,46,46,46,46,35,36,39,11,15,0,47,47,47,47],
    "normals":[0.618445,0.223495,-0.753376,-0.952643,0.0864074,-0.291555,0.684757,-0.728735,0.00730035,-0.958154,-0.286241,0.00286124,0.611996,0.182492,0.769518,-0.951157,0.0711819,0.30039,0.552061,0.833804,-1.96015e-05,-0.945165,0.326593,1.63823e-05,0.720176,0.159851,0.675125,0.426866,-0.207666,-0.880148,-0.312699,-0.712482,0.628163,0.167346,-0.429903,-0.887231,-0.890373,0.000207763,0.455231,-0.239524,-0.000639764,-0.97089,-0.000281898,0.866143,0.499796,0.000571255,0.253671,-0.96729,-0.588718,-0.000148441,0.808338,0.92333,-0.000151605,0.384006,-0.594353,-0.804204,-1.47458e-05,0.909866,-0.414901,-3.46556e-05,-0.594515,-0.000159192,-0.804085,0.919888,-0.000169836,-0.392181,-0.547354,0.836901,-2.081e-05,0.935777,0.352592,-8.67628e-06,-0.905637,0.000286817,-0.424054,-0.212774,-0.000793597,0.977101,-0.366162,-0.688129,-0.626422,0.21712,-0.445849,0.868377,0.700282,0.202733,-0.684474,0.442211,-0.2539,0.860223,-0.000348353,0.879754,-0.475428,0.000705995,0.231334,0.972874,6.6755e-05,0.605695,0.795697,3.08278e-05,-0.92888,0.370381,-0.836899,0.547358,-2.07931e-05,-0.35259,-0.935778,-8.6903e-06,8.28088e-05,0.61003,-0.792379,3.91903e-05,-0.926046,-0.37741,0.820303,0.571929,-1.00899e-05,0.372754,-0.92793,-2.91357e-05,-0.322237,-0.552086,0.769002,0.0929177,0.946615,0.308686,0.58123,-0.813699,0.00813745,0.462869,0.886383,-0.00879188,-0.379723,-0.55482,-0.74026,0.0858482,0.947838,-0.306973,-0.91777,-0.397112,-6.61245e-06,-0.1783,0.983976,-2.3103e-05],
    "uvs":[]
}